[
    {
        "type": "multiple",
        "difficulty": "hard",
        "category": "Entertainment: Books",
        "question": "Which author co-wrote &quot;The Communist Manifesto&quot; alongside Karl Marx?",
        "correct_answer": "Friedrich Engels",
        "incorrect_answers": [
            "Robert Owen",
            "Alexander Kerensky",
            "Paul Lafargue"
        ]
    },
    {
        "type": "multiple",
        "difficulty": "hard",
        "category": "Entertainment: Books",
        "question": "In the Beatrix Potter books, what type of animal is Tommy Brock?",
        "correct_answer": "Badger",
        "incorrect_answers": [
            "Fox",
            "Frog",
            "Rabbit"
        ]
    },
    {
        "type": "multiple",
        "difficulty": "hard",
        "category": "Entertainment: Books",
        "question": "In The Lies Of Locke Lamora, what does &quot;Lamora&quot; mean in Throne Therin?",
        "correct_answer": "Shadow",
        "incorrect_answers": [
            "Thievery",
            "Justice",
            "Chaos"
        ]
    },
    {
        "type": "multiple",
        "difficulty": "hard",
        "category": "Entertainment: Books",
        "question": "In the &quot;Harry Potter&quot; series, what is Headmaster Dumbledore&#039;s full name?",
        "correct_answer": "Albus Percival Wulfric Brian Dumbledore",
        "incorrect_answers": [
            "Albus Valum Jetta Mobius Dumbledore",
            "Albus James Lunae Otto Dumbledore",
            "Albus Valencium Horatio Kul Dumbledore"
        ]
    },
    {
        "type": "multiple",
        "difficulty": "hard",
        "category": "Entertainment: Books",
        "question": "What is the name of the town in which Lily and James Potter are buried?",
        "correct_answer": "Godric&#039;s Hollow",
        "incorrect_answers": [
            "Hogsmeade",
            "Ottery St. Catchpole",
            "Little Hangleton"
        ]
    },
    {
        "type": "multiple",
        "difficulty": "hard",
        "category": "Entertainment: Books",
        "question": "What is Hermione Granger&#039;s middle name?",
        "correct_answer": "Jean",
        "incorrect_answers": [
            "Jane",
            "Emma",
            "Jo"
        ]
    },
    {
        "type": "multiple",
        "difficulty": "hard",
        "category": "Entertainment: Books",
        "question": "In which classic novel is there a character named Homer Simpson?",
        "correct_answer": "The Day of the Locust",
        "incorrect_answers": [
            "Catch-22",
            "Of Mice and Men",
            "A Separate Peace"
        ]
    },
    {
        "type": "multiple",
        "difficulty": "hard",
        "category": "Entertainment: Books",
        "question": "In which classic novel by Mark Twain did a beggar and Prince of Wales switch clothes, and learn about social class inequality?",
        "correct_answer": "The Prince and the Pauper",
        "incorrect_answers": [
            "Hamlet",
            "Wealthy Boy and the Schmuck",
            "A Modern Twain Story"
        ]
    },
    {
        "type": "multiple",
        "difficulty": "hard",
        "category": "Entertainment: Books",
        "question": "Which of the following is NOT a work done by Shakespeare?",
        "correct_answer": "Trial of Temperance",
        "incorrect_answers": [
            "Measure For Measure",
            "Titus Andronicus",
            "Cymbeline"
        ]
    },
    {
        "type": "multiple",
        "difficulty": "hard",
        "category": "Entertainment: Books",
        "question": "In the book &quot;The Martian&quot;, how long was Mark Watney trapped on Mars (in Sols)?",
        "correct_answer": "549 Days",
        "incorrect_answers": [
            "765 Days",
            "401 Days",
            "324 Days"
        ]
    }
]