[
    {
      "type": "multiple",
      "difficulty": "medium",
      "category": "Science: Computers",
      "question": "What does the term MIME stand for, in regards to computing?",
      "correct_answer": "Multipurpose Internet Mail Extensions",
      "incorrect_answers": [
        "Mail Internet Mail Exchange",
        "Multipurpose Interleave Mail Exchange",
        "Mail Interleave Method Exchange"
      ]
    },
    {
      "type": "multiple",
      "difficulty": "medium",
      "category": "Science: Computers",
      "question": "Which coding language was the #1 programming language in terms of usage on GitHub in 2015?",
      "correct_answer": "JavaScript",
      "incorrect_answers": [
        "C#",
        "Python",
        "PHP"
      ]
    },
    {
      "type": "multiple",
      "difficulty": "medium",
      "category": "Science: Computers",
      "question": "Which of these people was NOT a founder of Apple Inc?",
      "correct_answer": "Jonathan Ive",
      "incorrect_answers": [
        "Steve Jobs",
        "Ronald Wayne",
        "Steve Wozniak"
      ]
    },
    {
      "type": "multiple",
      "difficulty": "medium",
      "category": "Science: Computers",
      "question": "How many bytes are in a single Kibibyte?",
      "correct_answer": "1024",
      "incorrect_answers": [
        "2400",
        "1000",
        "1240"
      ]
    },
    {
      "type": "multiple",
      "difficulty": "medium",
      "category": "Science: Computers",
      "question": "The name of technology company HP stands for what?",
      "correct_answer": "Hewlett-Packard",
      "incorrect_answers": [
        "Howard Packmann",
        "Husker-Pollosk",
        "Hellman-Pohl"
      ]
    },
    {
      "type": "multiple",
      "difficulty": "medium",
      "category": "Science: Computers",
      "question": "What does the term GPU stand for?",
      "correct_answer": "Graphics Processing Unit",
      "incorrect_answers": [
        "Gaming Processor Unit",
        "Graphite Producing Unit",
        "Graphical Proprietary Unit"
      ]
    },
    {
      "type": "multiple",
      "difficulty": "medium",
      "category": "Science: Computers",
      "question": "In the server hosting industry IaaS stands for...",
      "correct_answer": "Infrastructure as a Service",
      "incorrect_answers": [
        "Internet as a Service",
        "Internet and a Server",
        "Infrastructure as a Server"
      ]
    },
    {
      "type": "multiple",
      "difficulty": "medium",
      "category": "Science: Computers",
      "question": "Approximately how many Apple I personal computers were created?",
      "correct_answer": "200",
      "incorrect_answers": [
        "100",
        "500",
        "1000"
      ]
    },
    {
      "type": "multiple",
      "difficulty": "medium",
      "category": "Science: Computers",
      "question": "Which operating system was released first?",
      "correct_answer": "Mac OS",
      "incorrect_answers": [
        "Windows",
        "Linux",
        "OS/2"
      ]
    },
    {
      "type": "multiple",
      "difficulty": "medium",
      "category": "Science: Computers",
      "question": "When was the programming language 'C#' released?",
      "correct_answer": "2000",
      "incorrect_answers": [
        "1998",
        "1999",
        "2001"
      ]
    }
  ]