[
    {
      "type": "multiple",
      "difficulty": "hard",
      "category": "Entertainment: Board Games",
      "question": "The Dice Tower network of board game podcasts and videos is run by which individual?",
      "correct_answer": "Tom Vasel",
      "incorrect_answers": [
        "Jason LeVine",
        "Borth Sampson",
        "Uncle Pennybags"
      ]
    },
    {
      "type": "multiple",
      "difficulty": "hard",
      "category": "Entertainment: Board Games",
      "question": "Which of these cards from 'Magic: The Gathering' has a flavor text that begins with 'Oi oi oi'?",
      "correct_answer": "Uthden Troll",
      "incorrect_answers": [
        "Lotleth Troll",
        "Albino Troll",
        "Harvester Troll"
      ]
    },
    {
      "type": "multiple",
      "difficulty": "hard",
      "category": "Entertainment: Board Games",
      "question": "Which character class in Dungeons and Dragons 5th edition gains its powers from making a pact with a being of higher power?",
      "correct_answer": "Warlock",
      "incorrect_answers": [
        "Wizard",
        "Sorceror",
        "Cleric"
      ]
    },
    {
      "type": "multiple",
      "difficulty": "hard",
      "category": "Entertainment: Board Games",
      "question": "What do you declare in Rīchi Mahjong when you've drawn your winning tile?",
      "correct_answer": "Tsumo",
      "incorrect_answers": [
        "Ron",
        "Rīchi",
        "Kan"
      ]
    },
    {
      "type": "multiple",
      "difficulty": "hard",
      "category": "Entertainment: Board Games",
      "question": "Which ability from the 'Magic: The Gathering' Scars of Mirrodin expansion involves having at least three artifacts in play?",
      "correct_answer": "Metalcraft",
      "incorrect_answers": [
        "Affinity",
        "Imprint",
        "Living Weapon"
      ]
    },
    {
      "type": "multiple",
      "difficulty": "hard",
      "category": "Entertainment: Board Games",
      "question": "In Magic: The Gathering, what was a tribute card to Jamie Wakefield's late wife Marilyn, who loved horses?",
      "correct_answer": "Timbermare",
      "incorrect_answers": [
        "Loyal Pegasus",
        "Vryn Wingmare",
        "Sungrace Pegasus"
      ]
    },
    {
      "type": "multiple",
      "difficulty": "hard",
      "category": "Entertainment: Board Games",
      "question": "How many rooms are there, not including the hallways and the set of stairs, in the board game 'Clue'?",
      "correct_answer": "9",
      "incorrect_answers": [
        "1",
        "6",
        "10"
      ]
    },
    {
      "type": "multiple",
      "difficulty": "hard",
      "category": "Entertainment: Board Games",
      "question": "The board game 'Ra' was designed by which designer? ",
      "correct_answer": "Reiner Knizia",
      "incorrect_answers": [
        "Bruno Cathala",
        "Uwe Rosenburg",
        "Allison Kline"
      ]
    },
    {
      "type": "multiple",
      "difficulty": "hard",
      "category": "Entertainment: Board Games",
      "question": "On a standard Monopoly board, how much do you have to pay for Tennessee Ave?",
      "correct_answer": "$180",
      "incorrect_answers": [
        "$200",
        "$160",
        "$220"
      ]
    },
    {
      "type": "multiple",
      "difficulty": "hard",
      "category": "Entertainment: Board Games",
      "question": "What is the world's oldest board game?",
      "correct_answer": "Senet",
      "incorrect_answers": [
        "Chess",
        "Checkers",
        "Go"
      ]
    }
  ]