[
    {
        "type": "multiple",
        "difficulty": "hard",
        "category": "Entertainment: Film",
        "question": "Before 'Jurassic Park III' was finalized and the Spinosaurus was chosen, which dinosaur was going to be the star?",
        "correct_answer": "Baryonyx",
        "incorrect_answers": [
            "Tyrannosaurus Rex",
            "Velociraptor",
            "Suchomimus"
        ]
    },
    {
        "type": "multiple",
        "difficulty": "hard",
        "category": "Entertainment: Film",
        "question": "What is the name of the assassin in the first 'Hellboy' movie?",
        "correct_answer": "Karl Ruprecht Kroenen",
        "incorrect_answers": [
            "Klaus Werner von Krupt",
            "Grigori Efimovich Rasputin",
            "Ilsa Haupstein"
        ]
    },
    {
        "type": "multiple",
        "difficulty": "hard",
        "category": "Entertainment: Film",
        "question": "What was the name of the planet in 'Aliens'?",
        "correct_answer": "LV-426",
        "incorrect_answers": [
            "Weyland Yutani Corporation Base",
            "FR-838",
            "DI-621"
        ]
    },
    {
        "type": "multiple",
        "difficulty": "hard",
        "category": "Entertainment: Film",
        "question": "What is the name of the supercomputer located in the control room in 'Jurassic Park' (1993)?",
        "correct_answer": "Thinking Machines CM-5",
        "incorrect_answers": [
            "Cray X-MP",
            "Cray XK7",
            "IBM Blue Gene\/Q"
        ]
    },
    {
        "type": "multiple",
        "difficulty": "hard",
        "category": "Entertainment: Film",
        "question": "Which actress portrayed Dr. Grace Augustine in the James Cameron movie 'Avatar'?",
        "correct_answer": "Sigourney Weaver",
        "incorrect_answers": [
            "Jessica Chastain",
            "Melissa Beckett",
            "Alyssa Monroe "
        ]
    },
    {
        "type": "multiple",
        "difficulty": "hard",
        "category": "Entertainment: Film",
        "question": "In order to cut costs, what were most of the extras of Mad Max (1979) paid with?",
        "correct_answer": "Beer",
        "incorrect_answers": [
            "Fast food",
            "Food stamps",
            "They weren't paid"
        ]
    },
    {
        "type": "multiple",
        "difficulty": "hard",
        "category": "Entertainment: Film",
        "question": "What did the first moving picture depict?",
        "correct_answer": "A galloping horse",
        "incorrect_answers": [
            "A woman in a dress",
            "A man walking",
            "A crackling fire"
        ]
    },
    {
        "type": "multiple",
        "difficulty": "hard",
        "category": "Entertainment: Film",
        "question": "What was the last Marx Brothers film to feature Zeppo?",
        "correct_answer": "Duck Soup",
        "incorrect_answers": [
            "A Night at the Opera",
            "A Day at the Races",
            "Monkey Business"
        ]
    },
    {
        "type": "multiple",
        "difficulty": "hard",
        "category": "Entertainment: Film",
        "question": "In the 1976 film Taxi Driver, how many guns did Travis buy from the salesman?",
        "correct_answer": "4",
        "incorrect_answers": [
            "2",
            "6",
            "1"
        ]
    },
    {
        "type": "multiple",
        "difficulty": "hard",
        "category": "Entertainment: Film",
        "question": "Which singer is portrayed by Bruce Campbell in the 2002 film Bubba Ho-Tep?",
        "correct_answer": "Elvis Presley",
        "incorrect_answers": [
            "Johnny Cash",
            "Hank Williams, Sr.",
            "Buddy Holly"
        ]
    }
]