[
    {
        "type": "multiple",
        "difficulty": "hard",
        "category": "General Knowledge",
        "question": "Which of the following is an existing family in 'The Sims'?",
        "correct_answer": "The Goth Family",
        "incorrect_answers": [
            "The Family",
            "The Simoleon Family",
            "The Proud Family"
        ]
    },
    {
        "type": "multiple",
        "difficulty": "hard",
        "category": "General Knowledge",
        "question": "What year was Queen Elizabeth II born?",
        "correct_answer": "1926",
        "incorrect_answers": [
            "1923",
            "1929",
            "1930"
        ]
    },
    {
        "type": "multiple",
        "difficulty": "hard",
        "category": "General Knowledge",
        "question": "The word 'astasia' means which of the following?",
        "correct_answer": "The inability to stand up",
        "incorrect_answers": [
            "The inability to make decisions",
            "The inability to concentrate on anything",
            "A feverish desire to rip one's clothes off"
        ]
    },
    {
        "type": "multiple",
        "difficulty": "hard",
        "category": "General Knowledge",
        "question": "When was 'YouTube' founded?",
        "correct_answer": "February 14, 2005",
        "incorrect_answers": [
            "May 22, 2004",
            "September 12, 2005",
            "July 19, 2009"
        ]
    },
    {
        "type": "multiple",
        "difficulty": "hard",
        "category": "General Knowledge",
        "question": "The word 'abulia' means which of the following?",
        "correct_answer": "The inability to make decisions",
        "incorrect_answers": [
            "The inability to stand up",
            "The inability to concentrate on anything",
            "A feverish desire to rip one's clothes off"
        ]
    },
    {
        "type": "multiple",
        "difficulty": "hard",
        "category": "General Knowledge",
        "question": "The word 'aprosexia' means which of the following?",
        "correct_answer": "The inability to concentrate on anything",
        "incorrect_answers": [
            "The inability to make decisions",
            "A feverish desire to rip one's clothes off",
            "The inability to stand up"
        ]
    },
    {
        "type": "multiple",
        "difficulty": "hard",
        "category": "General Knowledge",
        "question": "What is the most commonly used noun in the English language?",
        "correct_answer": "Time",
        "incorrect_answers": [
            "Home",
            "Water",
            "Man"
        ]
    },
    {
        "type": "multiple",
        "difficulty": "hard",
        "category": "General Knowledge",
        "question": "Which of the following languages does NOT use gender as a part of its grammar?",
        "correct_answer": "Turkish",
        "incorrect_answers": [
            "German",
            "Danish",
            "Polish"
        ]
    },
    {
        "type": "multiple",
        "difficulty": "hard",
        "category": "General Knowledge",
        "question": "Chartreuse is a color between yellow and what?",
        "correct_answer": "Green",
        "incorrect_answers": [
            "Red",
            "Black",
            "Purple"
        ]
    },
    {
        "type": "multiple",
        "difficulty": "hard",
        "category": "General Knowledge",
        "question": "In 'Battle Cats', what is Moneko \/ MISS Moneko's critical percentage rate?",
        "correct_answer": "15%",
        "incorrect_answers": [
            "20%",
            "10%",
            "25%"
        ]
    }
]