[
    {
      "type": "multiple",
      "difficulty": "hard",
      "category": "Geography",
      "question": "How many stations does the Central Line have on the London Underground?",
      "correct_answer": "49",
      "incorrect_answers": [
        "51",
        "43",
        "47"
      ]
    },
    {
      "type": "multiple",
      "difficulty": "hard",
      "category": "Geography",
      "question": "What is the name of the formerly rich fishing grounds off the island of Newfoundland, Canada?",
      "correct_answer": "Grand Banks",
      "incorrect_answers": [
        "Great Barrier Reef",
        "Mariana Trench",
        "Hudson Bay"
      ]
    },
    {
      "type": "multiple",
      "difficulty": "hard",
      "category": "Geography",
      "question": "What is the second-largest city in Lithuania?",
      "correct_answer": "Kaunas",
      "incorrect_answers": [
        "Panevėžys",
        "Vilnius",
        "Klaipėda"
      ]
    },
    {
      "type": "multiple",
      "difficulty": "hard",
      "category": "Geography",
      "question": "The emblem on the flag of the Republic of Tajikistan features a sunrise over mountains below what symbol?",
      "correct_answer": "Crown",
      "incorrect_answers": [
        "Bird",
        "Sickle",
        "Tree"
      ]
    },
    {
      "type": "multiple",
      "difficulty": "hard",
      "category": "Geography",
      "question": "The mountainous Khyber Pass connects which of the two following countries?",
      "correct_answer": "Afghanistan and Pakistan",
      "incorrect_answers": [
        "India and Nepal",
        "Pakistan and India",
        "Tajikistan and Kyrgyzstan"
      ]
    },
    {
      "type": "multiple",
      "difficulty": "hard",
      "category": "Geography",
      "question": "What is the area of Vatican City?",
      "correct_answer": "0.44km^2",
      "incorrect_answers": [
        "0.10km^2",
        "0.86km^2",
        "12.00km^2"
      ]
    },
    {
      "type": "multiple",
      "difficulty": "hard",
      "category": "Geography",
      "question": "Which of these cities is NOT in England?",
      "correct_answer": "Edinburgh",
      "incorrect_answers": [
        "Oxford",
        "Manchester",
        "Southampton"
      ]
    },
    {
      "type": "multiple",
      "difficulty": "hard",
      "category": "Geography",
      "question": "What country is not a part of Scandinavia?",
      "correct_answer": "Finland",
      "incorrect_answers": [
        "Norway",
        "Sweden",
        "Denmark"
      ]
    },
    {
      "type": "multiple",
      "difficulty": "hard",
      "category": "Geography",
      "question": "The prefix Sino- (As in Sino-American) is used to refer to what nationality?",
      "correct_answer": "Chinese",
      "incorrect_answers": [
        "Japanese",
        "Russian",
        "Indian"
      ]
    },
    {
      "type": "multiple",
      "difficulty": "hard",
      "category": "Geography",
      "question": "What is the Finnish word for 'Finland'?",
      "correct_answer": "Suomi",
      "incorrect_answers": [
        "Eesti",
        "Magyarorszaacuteg",
        "Sverige"
      ]
    }
  ]