[
    {
      "type": "multiple",
      "difficulty": "hard",
      "category": "History",
      "question": "The main objective of the German operation 'Case Blue' during World War II was originally to capture what?",
      "correct_answer": "Caucasus",
      "incorrect_answers": [
        "Stalingrad",
        "Crimea",
        "Voronezh"
      ]
    },
    {
      "type": "multiple",
      "difficulty": "hard",
      "category": "History",
      "question": "What was Napoleon Bonaparte's name before he changed it?",
      "correct_answer": "Napoleone di Buonaparte",
      "incorrect_answers": [
        "Naapolion van Bonijpaart",
        "Napoleatilde do Boaparte",
        "Napoleona de Buenoparte"
      ]
    },
    {
      "type": "multiple",
      "difficulty": "hard",
      "category": "History",
      "question": "What did the abbreviation 'RMS' stand for in the RMS Titanic in 1912?",
      "correct_answer": "Royal Mail Ship",
      "incorrect_answers": [
        "Royal Majesty Service",
        "Regular Maritime Schedule ",
        "Regulated Maelstrom Sensor"
      ]
    },
    {
      "type": "multiple",
      "difficulty": "hard",
      "category": "History",
      "question": "On which day did ARPANET suffer a 4 hour long network crash?",
      "correct_answer": "October 27, 1980",
      "incorrect_answers": [
        "November 21, 1969",
        "October 29, 1969",
        "December 9, 1991"
      ]
    },
    {
      "type": "multiple",
      "difficulty": "hard",
      "category": "History",
      "question": "Which of these positions did the astronomer and physicist Isaac Newton not hold?",
      "correct_answer": "Surveyor to the City of London",
      "incorrect_answers": [
        "Professor of Mathematics",
        "Warden of the Royal Mint",
        "Member of Parliament"
      ]
    },
    {
      "type": "multiple",
      "difficulty": "hard",
      "category": "History",
      "question": "The ancient city of Chichén Itzá was built by which civilization?",
      "correct_answer": "Mayans",
      "incorrect_answers": [
        "Aztecs",
        "Incas",
        "Toltecs"
      ]
    },
    {
      "type": "multiple",
      "difficulty": "hard",
      "category": "History",
      "question": "The ontological argument for the proof of God's existence is first attributed to whom?",
      "correct_answer": "Anselm of Canterbury",
      "incorrect_answers": [
        "Renacute; Descartes",
        "Immanuel Kant",
        "Aristotle"
      ]
    },
    {
      "type": "multiple",
      "difficulty": "hard",
      "category": "History",
      "question": "Who invented the 'Flying Shuttle' in 1738; one of the key developments in the industrialization of weaving?",
      "correct_answer": "John Kay",
      "incorrect_answers": [
        "James Hargreaves",
        "Richard Arkwright",
        "John Deere"
      ]
    },
    {
      "type": "multiple",
      "difficulty": "hard",
      "category": "History",
      "question": "Which of the following physicists did NOT work on the Manhattan project?",
      "correct_answer": "Murray Gell-Mann",
      "incorrect_answers": [
        "Richard Feynman",
        "J. Robert Oppenheimer",
        "John Von-Neumann"
      ]
    },
    {
      "type": "multiple",
      "difficulty": "hard",
      "category": "History",
      "question": "What was the real name of the Albanian national leader Skanderbeg?",
      "correct_answer": "Gjergj Kastrioti",
      "incorrect_answers": [
        "Diturak Zhulati",
        "Iskander Bejko",
        "Mirash Krasniki"
      ]
    }
  ]