[
    {
      "type": "multiple",
      "difficulty": "hard",
      "category": "Entertainment: Music",
      "question": "Which member of the Wu-Tang Clan had only one verse in their debut album Enter the Wu-Tang (36 Chambers)?",
      "correct_answer": "Masta Killa",
      "incorrect_answers": [
        "Method Man",
        "Inspectah Deck",
        "GZA"
      ]
    },
    {
      "type": "multiple",
      "difficulty": "hard",
      "category": "Entertainment: Music",
      "question": "Which Death Grips album is the only one to feature a band member?",
      "correct_answer": "No Love Deep Web",
      "incorrect_answers": [
        "Bottomless Pit",
        "The Money Store",
        "The Powers That B"
      ]
    },
    {
      "type": "multiple",
      "difficulty": "hard",
      "category": "Entertainment: Music",
      "question": "Pamina and Papageno are characters in what Mozart opera?",
      "correct_answer": "The Magic Flute",
      "incorrect_answers": [
        "The Marriage of Figaro",
        "The Impresario",
        "The Goose of Cairo"
      ]
    },
    {
      "type": "multiple",
      "difficulty": "hard",
      "category": "Entertainment: Music",
      "question": "Who designed the album cover for True Romance, an album by Estelle?",
      "correct_answer": "Rebecca Sugar",
      "incorrect_answers": [
        "Matt Burnett",
        "Ian Jones Quartey",
        "Ben Leven"
      ]
    },
    {
      "type": "multiple",
      "difficulty": "hard",
      "category": "Entertainment: Music",
      "question": "Which of these songs was released in 1996?",
      "correct_answer": "The Smashing Pumpkins - 1979",
      "incorrect_answers": [
        "Prince - 1999",
        "James Blunt - 1973",
        "David Bowie - 1984"
      ]
    },
    {
      "type": "multiple",
      "difficulty": "hard",
      "category": "Entertainment: Music",
      "question": "When did the rapper Eazy-E die?",
      "correct_answer": "March 26, 1995",
      "incorrect_answers": [
        "July 11, 1992",
        "February 14, 1993",
        "October 21, 1994"
      ]
    },
    {
      "type": "multiple",
      "difficulty": "hard",
      "category": "Entertainment: Music",
      "question": "The heavy metal band Black Sabbath hail from which English city?",
      "correct_answer": "Birmingham",
      "incorrect_answers": [
        "Manchester",
        "London",
        "Newcastle-Upon-Tyne"
      ]
    },
    {
      "type": "multiple",
      "difficulty": "hard",
      "category": "Entertainment: Music",
      "question": "Who was the original drummer for The Beatles?",
      "correct_answer": "Tommy Moore",
      "incorrect_answers": [
        "Ringo Starr",
        "Stuart Sutcliffe",
        "Pete Best"
      ]
    },
    {
      "type": "multiple",
      "difficulty": "hard",
      "category": "Entertainment: Music",
      "question": "What was the name of the rock band that Nobuo Uematsu formed that played songs from various Final Fantasy games?",
      "correct_answer": "The Black Mages",
      "incorrect_answers": [
        "The Final Fantasies",
        "The Espers",
        "The Rock Summoners"
      ]
    },
    {
      "type": "multiple",
      "difficulty": "hard",
      "category": "Entertainment: Music",
      "question": "What is the first track on the Dave Matthews Band album Before These Crowded Streets?",
      "correct_answer": "Pantala Naga Pampa",
      "incorrect_answers": [
        "Stay (Wasting Time)",
        "Rapunzel",
        "Don't Drink The Water"
      ]
    }
  ]