[
    {
      "type": "multiple",
      "difficulty": "hard",
      "category": "Mythology",
      "question": "In Norse mythology, what is the name of the serpent which eats the roots of the ash tree Yggdrasil?",
      "correct_answer": "Nidhogg",
      "incorrect_answers": [
        "Bragi",
        "Odin",
        "Ymir"
      ]
    },
    {
      "type": "multiple",
      "difficulty": "hard",
      "category": "Mythology",
      "question": "According to Algonquian folklore, how does one transform into a Wendigo?",
      "correct_answer": "Participating in cannibalism.",
      "incorrect_answers": [
        "Excessive mutilation of animal corpses.",
        "Performing a ritual involving murder.",
        "Drinking the blood of many slain animals."
      ]
    },
    {
      "type": "multiple",
      "difficulty": "hard",
      "category": "Mythology",
      "question": "Nidhogg is a mythical creature from what mythology?",
      "correct_answer": "Norse",
      "incorrect_answers": [
        "Egyptian",
        "Greek",
        "Hindu"
      ]
    },
    {
      "type": "multiple",
      "difficulty": "hard",
      "category": "Mythology",
      "question": "Which Norse God has a horse named Sleipnir?",
      "correct_answer": "Odin",
      "incorrect_answers": [
        "Thor",
        "Frigg",
        "Balder"
      ]
    },
    {
      "type": "multiple",
      "difficulty": "hard",
      "category": "Mythology",
      "question": "Talos, the mythical giant bronze man, was the protector of which island?",
      "correct_answer": "Crete",
      "incorrect_answers": [
        "Sardinia",
        "Sicily",
        "Cyprus"
      ]
    },
    {
      "type": "multiple",
      "difficulty": "hard",
      "category": "Mythology",
      "question": "In Greek Mythology, who was the daughter of King Minos?",
      "correct_answer": "Ariadne",
      "incorrect_answers": [
        "Athena",
        "Ariel",
        "Alana"
      ]
    },
    {
      "type": "multiple",
      "difficulty": "hard",
      "category": "Mythology",
      "question": "Who is the Egyptian god of reproduction and lettuce?",
      "correct_answer": "Min",
      "incorrect_answers": [
        "Menu",
        "Mut",
        "Meret"
      ]
    },
    {
      "type": "multiple",
      "difficulty": "hard",
      "category": "Mythology",
      "question": "What immense structure is referred to in Norse Mythology as the Yggdrasil.",
      "correct_answer": "Tree",
      "incorrect_answers": [
        "Mountain",
        "Temple",
        "Castle"
      ]
    },
    {
      "type": "multiple",
      "difficulty": "hard",
      "category": "Mythology",
      "question": "What was the punishment for Sysiphus's craftiness?",
      "correct_answer": "Cursed to roll a boulder up a hill for eternity.",
      "incorrect_answers": [
        "Tied to a boulder for eternity, being pecked by birds.",
        "Standing in a lake filled with water he could not drink.",
        "To fell a tree that regenerated after every axe swing."
      ]
    },
    {
      "type": "multiple",
      "difficulty": "hard",
      "category": "Mythology",
      "question": "Which of the following is NOT a god in Norse Mythology.",
      "correct_answer": "Jens",
      "incorrect_answers": [
        "Loki",
        "Tyr",
        "Snotra"
      ]
    }
  ]