[
    {
        "type": "multiple",
        "difficulty": "hard",
        "category": "Science &amp; Nature",
        "question": "Coulrophobia is the irrational fear of what?",
        "correct_answer": "Clowns",
        "incorrect_answers": [
            "Cemeteries",
            "Needles",
            "Tunnels"
        ]
    },
    {
        "type": "multiple",
        "difficulty": "hard",
        "category": "Science &amp; Nature",
        "question": "Which constellation contains the center of the Milky Way?",
        "correct_answer": "Sagittarius",
        "incorrect_answers": [
            "Scorpius",
            "Ophiuchus",
            "Capricornus"
        ]
    },
    {
        "type": "multiple",
        "difficulty": "hard",
        "category": "Science &amp; Nature",
        "question": "What is the same in Celsius and Fahrenheit?",
        "correct_answer": "-40",
        "incorrect_answers": [
            "32",
            "-39",
            "-42"
        ]
    },
    {
        "type": "multiple",
        "difficulty": "hard",
        "category": "Science &amp; Nature",
        "question": "Burning which of these metals will produce a bright white flame?",
        "correct_answer": "Magnesium",
        "incorrect_answers": [
            "Copper",
            "Lithium",
            "Lead"
        ]
    },
    {
        "type": "multiple",
        "difficulty": "hard",
        "category": "Science &amp; Nature",
        "question": "Which scientific unit is named after an Italian nobleman?",
        "correct_answer": "Volt",
        "incorrect_answers": [
            "Pascal",
            "Ohm",
            "Hertz"
        ]
    },
    {
        "type": "multiple",
        "difficulty": "hard",
        "category": "Science &amp; Nature",
        "question": "How long is a light-year?",
        "correct_answer": "9.461 Trillion Kilometres",
        "incorrect_answers": [
            "1 AU",
            "105.40 Earth-years",
            "501.2 Million Miles"
        ]
    },
    {
        "type": "multiple",
        "difficulty": "hard",
        "category": "Science &amp; Nature",
        "question": "In the Scoville scale, what is the hottest chemical?",
        "correct_answer": "Resiniferatoxin",
        "incorrect_answers": [
            "Capsaicin",
            "Dihydrocapsaicin",
            "Tinyatoxin"
        ]
    },
    {
        "type": "multiple",
        "difficulty": "hard",
        "category": "Science &amp; Nature",
        "question": "What physics principle relates the net electric flux out of a closed surface to the charge enclosed by that surface?",
        "correct_answer": "Gauss Law",
        "incorrect_answers": [
            "Faraday's Law",
            "Ampere's Law",
            "Biot-Savart Law"
        ]
    },
    {
        "type": "multiple",
        "difficulty": "hard",
        "category": "Science &amp; Nature",
        "question": "If you planted the seeds of Quercus robur what would grow?",
        "correct_answer": "Trees",
        "incorrect_answers": [
            "Flowers",
            "Vegtables",
            "Grains"
        ]
    },
    {
        "type": "multiple",
        "difficulty": "hard",
        "category": "Science &amp; Nature",
        "question": "Which one of these is scientific term for Brain Freeze?",
        "correct_answer": "Sphenopalatine Ganglioneuralgia",
        "incorrect_answers": [
            "Hyacinthoides Italica",
            "Amaranthus Retroflexus",
            "Amblyomma Americanum"
        ]
    }]