[
    {
      "type": "multiple",
      "difficulty": "hard",
      "category": "Sports",
      "question": "Which male player won the gold medal of table tennis singles in 2016 Olympics Games?",
      "correct_answer": "Ma Long (China)",
      "incorrect_answers": [
        "Zhang Jike (China)",
        "Jun Mizutani (Japan)",
        "Vladimir Samsonov (Belarus)"
      ]
    },
    {
      "type": "multiple",
      "difficulty": "hard",
      "category": "Sports",
      "question": "What team did England beat in the semi-final stage to win in the 1966 World Cup final?",
      "correct_answer": "Portugal",
      "incorrect_answers": [
        "West Germany",
        "Soviet Union",
        "Brazil"
      ]
    },
    {
      "type": "multiple",
      "difficulty": "hard",
      "category": "Sports",
      "question": "Which English football team is nicknamed 'The Tigers'?",
      "correct_answer": "Hull City",
      "incorrect_answers": [
        "Cardiff City",
        "Bristol City",
        "Manchester City"
      ]
    },
    {
      "type": "multiple",
      "difficulty": "hard",
      "category": "Sports",
      "question": "The Mazda 787B won the 24 Hours of Le Mans in what year?",
      "correct_answer": "1991",
      "incorrect_answers": [
        "1990",
        "2000",
        "1987"
      ]
    },
    {
      "type": "multiple",
      "difficulty": "hard",
      "category": "Sports",
      "question": "Which Italian footballer told Neuer where he is putting his shot and dragging it wide, during the match Italy-Germany, UEFA EURO 2016?",
      "correct_answer": "Pelle",
      "incorrect_answers": [
        "Insigne",
        "Barzagli",
        "Giaccherini"
      ]
    },
    {
      "type": "multiple",
      "difficulty": "hard",
      "category": "Sports",
      "question": "What tool lends its name to a last-stone advantage in an end in Curling?",
      "correct_answer": "Hammer",
      "incorrect_answers": [
        "Wrench",
        "Drill",
        "Screwdriver"
      ]
    },
    {
      "type": "multiple",
      "difficulty": "hard",
      "category": "Sports",
      "question": "Which female player won the gold medal of table tennis singles in 2016 Olympics Games?",
      "correct_answer": "DING Ning (China)",
      "incorrect_answers": [
        "LI Xiaoxia (China)",
        "Ai FUKUHARA (Japan)",
        "Song KIM (North Korea)"
      ]
    },
    {
      "type": "multiple",
      "difficulty": "hard",
      "category": "Sports",
      "question": "Which of these Russian cities did NOT contain a stadium that was used in the 2018 FIFA World Cup?",
      "correct_answer": "Vladivostok",
      "incorrect_answers": [
        "Rostov-on-Don",
        "Yekaterinburg",
        "Kaliningrad"
      ]
    },
    {
      "type": "multiple",
      "difficulty": "hard",
      "category": "Sports",
      "question": "What is 'The Sport of Kings'?",
      "correct_answer": "Horse Racing",
      "incorrect_answers": [
        "Chess",
        "Jousting",
        "Fencing"
      ]
    },
    {
      "type": "multiple",
      "difficulty": "hard",
      "category": "Sports",
      "question": "Which car company is the only Japanese company which won the 24 Hours of Le Mans?",
      "correct_answer": "Mazda",
      "incorrect_answers": [
        "Toyota",
        "Subaru",
        "Nissan"
      ]
    }
  ]